frame,true_x,true_y,base_id,base_x,base_y,pupil_pos_x,pupil_pos_y,pupil_rel_pos_x,pupil_rel_pos_y,eye_left_pos_x,eye_left_pos_y,eye_right_pos_x,eye_right_pos_y
0,458,1027,99,543,1086,-0.05598,-0.087626,0.001697,0.102346,-0.325064,-0.035832,0.208162,-0.050219
1,479,992,67,543,905,-0.035286,-0.078033,0.12043,0.182746,-0.312461,-0.033111,0.222686,-0.029655
2,596,930,67,543,905,-0.036567,-0.073361,0.109807,0.235064,-0.313025,-0.030144,0.219648,-0.026873
3,679,910,68,724,905,-0.03723,-0.074613,0.100189,0.227346,-0.316794,-0.032723,0.218169,-0.025598
4,906,855,69,905,905,-0.031673,-0.075576,0.127936,0.222449,-0.312994,-0.034538,0.223552,-0.025603
5,917,855,69,905,905,-0.034827,-0.077056,0.106005,0.210483,-0.316106,-0.033318,0.21665,-0.02549
6,934,841,69,905,905,-0.038401,-0.075407,0.084718,0.220348,-0.316652,-0.031913,0.212589,-0.023838
7,948,837,69,905,905,-0.039037,-0.074941,0.08112,0.221614,-0.315239,-0.030892,0.208963,-0.02378
8,927,886,69,905,905,-0.071427,-0.076141,-0.106535,0.209174,-0.313663,-0.036827,0.206846,-0.023906
9,927,882,69,905,905,-0.083987,-0.068809,-0.174268,0.267089,-0.314639,-0.024964,0.202642,-0.018837
10,954,844,69,905,905,-0.066651,-0.075084,-0.074249,0.233818,-0.305813,-0.029607,0.201815,-0.03085
11,975,858,69,905,905,-0.06693,-0.080298,-0.076621,0.211009,-0.313149,-0.033905,0.195376,-0.032531
12,1020,855,70,1086,905,-0.069696,-0.07522,-0.091914,0.266853,-0.327411,-0.028444,0.19187,-0.032419
13,1127,837,70,1086,905,-0.064452,-0.073759,-0.057003,0.297869,-0.326071,-0.030343,0.193842,-0.032371
14,1161,855,70,1086,905,-0.063156,-0.075914,-0.043576,0.300158,-0.332555,-0.029525,0.189773,-0.032923
15,1241,896,71,1267,905,-0.064677,-0.074311,-0.048398,0.312393,-0.348224,-0.025542,0.168652,-0.034589
16,1248,858,71,1267,905,-0.064812,-0.076316,-0.042646,0.297818,-0.350585,-0.026137,0.162288,-0.036688
17,1285,896,71,1267,905,-0.058101,-0.077331,0.00126,0.292111,-0.346727,-0.02754,0.167944,-0.036812
18,1292,823,71,1267,905,-0.058686,-0.077558,0.003062,0.29305,-0.346459,-0.027661,0.166709,-0.038132
19,1310,827,71,1267,905,-0.05971,-0.077265,0.00303,0.298219,-0.347235,-0.027635,0.16597,-0.037169
20,1313,875,71,1267,905,-0.059249,-0.076599,0.013105,0.308008,-0.347917,-0.026918,0.16501,-0.037002
21,1327,861,71,1267,905,-0.061019,-0.077567,0.014068,0.306062,-0.347757,-0.027348,0.164772,-0.037783
22,1320,875,71,1267,905,-0.059182,-0.077033,0.03386,0.310779,-0.346704,-0.026644,0.164326,-0.036342
23,1316,868,71,1267,905,-0.07097,-0.074432,-0.028901,0.326309,-0.363725,-0.02808,0.160716,-0.036582
24,1310,817,71,1267,905,-0.062009,-0.025712,0.029173,0.68015,-0.385988,0.049896,0.228605,0.048971
25,1306,834,71,1267,905,-0.130989,-0.036586,-0.377647,0.584875,-0.385925,0.007227,0.182706,0.000736
26,1303,841,71,1267,905,-0.123321,-0.059706,-0.326249,0.399914,-0.344501,-0.018295,0.164658,-0.02169
27,1396,868,72,1448,905,-0.122879,-0.048142,-0.312561,0.488094,-0.35239,-0.003141,0.163829,-0.018129
28,1434,886,72,1448,905,-0.10001,-0.063085,-0.167853,0.368853,-0.357471,-0.013024,0.173062,-0.035294
29,1565,886,73,1629,905,-0.094432,-0.066602,-0.127117,0.336853,-0.360931,-0.017182,0.169804,-0.034592
30,1592,855,73,1629,905,-0.075876,-0.07102,-0.008702,0.298505,-0.349108,-0.021756,0.177954,-0.035332
31,1675,861,73,1629,905,-0.074984,-0.069681,0.005165,0.307816,-0.350168,-0.020926,0.177247,-0.034458
32,1744,872,74,1810,905,-0.077219,-0.070618,2.7e-05,0.300461,-0.354756,-0.021291,0.177937,-0.035372
33,1761,858,74,1810,905,-0.074364,-0.068657,0.02496,0.315151,-0.350453,-0.020284,0.177622,-0.034491
34,1772,855,74,1810,905,-0.078292,-0.068515,0.010081,0.315416,-0.354288,-0.019324,0.175706,-0.035403
35,1772,851,74,1810,905,-0.075866,-0.070552,0.03206,0.299135,-0.346751,-0.021735,0.176706,-0.035839
36,1761,851,74,1810,905,-0.076878,-0.070632,0.033192,0.298429,-0.349533,-0.020741,0.1737,-0.035435
37,1768,861,74,1810,905,-0.074954,-0.072357,0.051229,0.285206,-0.345803,-0.021425,0.177664,-0.035429
38,1744,858,74,1810,905,-0.08113,-0.071306,0.021265,0.293003,-0.353489,-0.021234,0.170669,-0.035659
39,1782,872,74,1810,905,-0.07921,-0.071741,0.040141,0.291789,-0.355396,-0.022428,0.172693,-0.036186
40,1768,886,74,1810,905,-0.076506,-0.073297,0.064481,0.28009,-0.353135,-0.023216,0.171149,-0.037675
41,1734,868,74,1810,905,-0.094875,-0.067521,-0.041112,0.323323,-0.351677,-0.017686,0.172521,-0.032117
42,1761,879,74,1810,905,-0.113225,-0.070549,-0.150373,0.29907,-0.345485,-0.02128,0.18776,-0.032163
43,1758,892,74,1810,905,-0.109482,-0.061251,-0.121266,0.368925,-0.355135,-0.016318,0.159784,-0.027353
44,1789,892,74,1810,905,-0.086965,-0.064432,0.019135,0.342256,-0.341926,-0.018909,0.164952,-0.031379
45,1906,899,75,1991,905,-0.072397,-0.079194,0.107539,0.229832,-0.352499,-0.036317,0.174819,-0.042388
46,1996,899,75,1991,905,-0.07489,-0.083471,0.092316,0.1992,-0.356984,-0.036592,0.168556,-0.044201
47,2068,913,75,1991,905,-0.074678,-0.084921,0.092192,0.190386,-0.348131,-0.036917,0.182338,-0.042885
48,2116,917,76,2172,905,-0.078993,-0.083272,0.065147,0.204923,-0.352048,-0.033794,0.179947,-0.041048
49,2144,982,76,2172,905,-0.077456,-0.085136,0.073178,0.192664,-0.349004,-0.035675,0.179748,-0.04279
50,2154,937,76,2172,905,-0.075488,-0.084618,0.083307,0.199303,-0.346937,-0.037237,0.181018,-0.043594
51,2251,896,76,2172,905,-0.07469,-0.083425,0.086452,0.210595,-0.345541,-0.035823,0.178643,-0.042551
52,2192,889,76,2172,905,-0.07324,-0.085518,0.093451,0.197718,-0.346163,-0.039703,0.180433,-0.045702
53,2216,906,76,2172,905,-0.070826,-0.088833,0.103886,0.175476,-0.342106,-0.042811,0.180464,-0.048778
54,2168,951,76,2172,905,-0.067759,-0.089335,0.123459,0.193795,-0.340366,-0.044834,0.179939,-0.049651
55,2213,906,76,2172,905,-0.064756,-0.08975,0.137829,0.202756,-0.340335,-0.045792,0.179652,-0.050907
56,2213,913,76,2172,905,-0.052656,-0.071413,0.209293,0.349472,-0.34411,-0.025157,0.184531,-0.038426
57,2199,913,76,2172,905,-0.045972,-0.038923,0.246791,0.596891,-0.370476,0.014694,0.204436,0.012617
58,2189,930,76,2172,905,-0.046166,-0.037144,0.240909,0.600658,-0.356791,0.016529,0.212999,0.013913
59,2120,923,76,2172,905,0.006403,-0.081966,0.552768,0.255658,-0.336893,-0.027435,0.204681,-0.042255
60,1861,917,74,1810,905,0.026933,-0.079277,0.667707,0.276746,-0.295206,-0.023667,0.220448,-0.037471
61,1592,930,73,1629,905,-0.008905,-0.084061,0.443674,0.240973,-0.309786,-0.022555,0.209621,-0.044725
62,1254,944,71,1267,905,0.011384,-0.086691,0.555649,0.222823,-0.304211,-0.031426,0.23352,-0.04162
63,992,879,69,905,905,-0.000283,-0.090194,0.477341,0.200785,-0.331124,-0.036445,0.225776,-0.051679
64,696,920,68,724,905,-0.022542,-0.091955,0.339188,0.192558,-0.358652,-0.03991,0.208381,-0.048346
65,506,927,67,543,905,-0.040777,-0.08848,0.228468,0.223812,-0.365904,-0.034202,0.19792,-0.049137
66,393,858,66,362,905,-0.064177,-0.089771,0.08692,0.218486,-0.365491,-0.042129,0.195825,-0.041868
67,244,827,65,181,905,-0.077355,-0.081198,0.00889,0.286073,-0.365339,-0.0327,0.186753,-0.032185
68,117,827,65,181,905,-0.074754,-0.077174,0.023308,0.31725,-0.37459,-0.024411,0.202573,-0.026088
69,65,830,64,0,905,-0.080872,-0.078814,-0.014301,0.304841,-0.371299,-0.02459,0.199975,-0.027684
70,5772,834,64,0,905,-0.079463,-0.080741,-0.008585,0.290989,-0.363956,-0.027964,0.209149,-0.030855
71,5741,813,32,0,724,-0.08137,-0.080628,-0.021942,0.294312,-0.368186,-0.028267,0.21041,-0.031392
72,5724,806,32,0,724,-0.084863,-0.078963,-0.04181,0.308196,-0.372368,-0.025243,0.207817,-0.030262
73,5668,830,95,5611,905,-0.078411,-0.076534,-0.007929,0.329112,-0.367644,-0.023354,0.215104,-0.029817
74,5675,844,95,5611,905,-0.076838,-0.073929,-0.001033,0.350235,-0.369009,-0.022744,0.215992,-0.028009
75,5703,823,64,0,905,-0.074849,-0.075682,0.008019,0.335175,-0.364979,-0.026379,0.213498,-0.028845
76,5679,823,95,5611,905,-0.072867,-0.074739,0.015586,0.33985,-0.365186,-0.024902,0.217177,-0.028107
77,5706,810,32,0,724,-0.076892,-0.073386,-0.008311,0.346725,-0.371492,-0.019696,0.211376,-0.02646
78,5693,817,95,5611,905,-0.034733,-0.072988,0.231661,0.346277,-0.37927,-0.01246,0.23731,-0.022084
79,5693,820,95,5611,905,-0.030596,-0.0764,0.249869,0.319648,-0.365953,-0.020241,0.242779,-0.03331
80,5648,837,95,5611,905,-0.039429,-0.07977,0.197866,0.292867,-0.369723,-0.014201,0.211542,-0.040626
81,5579,841,95,5611,905,-0.045958,-0.077121,0.158673,0.31192,-0.359955,-0.022704,0.208444,-0.045471
82,5441,837,94,5430,905,-0.061163,-0.070116,0.069825,0.3592,-0.333472,-0.018242,0.190941,-0.035659
83,5506,827,94,5430,905,-0.057227,-0.068429,0.09006,0.366547,-0.330781,-0.017968,0.19229,-0.032703
84,5468,817,94,5430,905,-0.064223,-0.066844,0.049325,0.372729,-0.335851,-0.017403,0.184471,-0.032762
85,5247,841,93,5249,905,-0.061005,-0.069131,0.066487,0.350628,-0.332637,-0.019924,0.184481,-0.032873
86,4788,944,90,4706,905,-0.067172,-0.064192,0.032088,0.38452,-0.344583,-0.017012,0.177184,-0.029551
87,4788,944,90,4706,905,-0.067027,-0.065118,0.033419,0.386142,-0.347363,-0.017401,0.177096,-0.030789
88,5250,823,93,5249,905,-0.068453,-0.058968,0.028675,0.43842,-0.350811,-0.011274,0.17205,-0.022289
89,5267,823,93,5249,905,-0.070729,-0.062498,0.019971,0.409006,-0.34906,-0.016124,0.171625,-0.027712
90,5293,834,93,5249,905,-0.071287,-0.063048,0.025799,0.403234,-0.347651,-0.016942,0.17835,-0.028846
91,5261,848,93,5249,905,-0.071189,-0.061584,0.032947,0.410954,-0.345925,-0.015054,0.176841,-0.027004
92,4788,944,90,4706,905,-0.073169,-0.061052,0.031638,0.410752,-0.350815,-0.013916,0.175217,-0.026923
93,4788,944,90,4706,905,-0.073204,-0.062663,0.038367,0.392822,-0.35088,-0.014745,0.173929,-0.027973
94,5264,817,93,5249,905,-0.072989,-0.063389,0.042648,0.381562,-0.349872,-0.017216,0.169089,-0.029389
95,5264,830,93,5249,905,-0.072579,-0.062296,0.046494,0.384149,-0.349325,-0.01632,0.167353,-0.02868
96,5250,820,93,5249,905,-0.072177,-0.061044,0.050139,0.387412,-0.347688,-0.01399,0.165831,-0.027533
97,5254,841,93,5249,905,-0.073889,-0.060037,0.041334,0.390872,-0.351754,-0.011057,0.162451,-0.026255
98,5399,837,94,5430,905,-0.085661,-0.066559,-0.027227,0.340787,-0.34534,-0.019038,0.173235,-0.028579
99,5334,817,93,5249,905,-0.075705,-0.076516,0.02766,0.266305,-0.333344,-0.024339,0.195939,-0.035774
100,5313,823,93,5249,905,-0.067999,-0.077016,0.069532,0.262198,-0.350737,-0.022778,0.228729,-0.031984
101,5379,827,94,5430,905,-0.087766,-0.085243,-0.045475,0.20114,-0.370736,-0.028692,0.206453,-0.036093
102,5496,837,94,5430,905,-0.081276,-0.084171,-0.008177,0.209223,-0.365076,-0.026819,0.207417,-0.030738
103,5465,865,94,5430,905,-0.082868,-0.091889,-0.016522,0.153973,-0.365324,-0.038651,0.202624,-0.039224
104,5544,848,95,5611,905,-0.081012,-0.08677,-0.00489,0.194224,-0.362984,-0.033258,0.202161,-0.03657
105,5634,841,95,5611,905,-0.078938,-0.085364,0.008329,0.205993,-0.363313,-0.030181,0.201082,-0.037713
106,5627,823,95,5611,905,-0.077516,-0.082282,0.01874,0.22981,-0.36545,-0.026808,0.19664,-0.035514
107,5648,837,95,5611,905,-0.076014,-0.084641,0.028164,0.214254,-0.36203,-0.031723,0.19626,-0.037338
108,5644,844,95,5611,905,-0.074545,-0.084871,0.039248,0.215096,-0.360372,-0.030722,0.195048,-0.03747
109,5641,844,95,5611,905,-0.073047,-0.087357,0.051623,0.197403,-0.356346,-0.034655,0.199135,-0.039742
110,5665,844,95,5611,905,-0.073716,-0.083763,0.048971,0.225469,-0.361242,-0.030613,0.190662,-0.036405
111,5648,837,95,5611,905,-0.054784,-0.039823,0.160567,0.548241,-0.387049,0.014129,0.238349,0.012061
112,5655,848,95,5611,905,-0.023065,-0.048679,0.340304,0.471626,-0.366004,0.01463,0.278846,0.017171
113,5665,855,95,5611,905,-0.028183,-0.064186,0.301107,0.354517,-0.355188,-0.014436,0.287447,-0.015559
114,6,841,64,0,905,-0.091555,-0.079967,-0.072144,0.239349,-0.313224,-0.037551,0.199178,-0.036301
115,348,879,66,362,905,-0.060348,-0.083893,0.10424,0.212278,-0.289063,-0.039599,0.201274,-0.037304
116,658,910,68,724,905,-0.163693,-0.083198,-0.501925,0.219959,-0.333397,-0.029524,0.188349,-0.036905
117,861,923,69,905,905,-0.153851,-0.083667,-0.444246,0.216596,-0.329806,-0.023464,0.143837,-0.036806
118,1023,899,70,1086,905,-0.089134,-0.092323,-0.067189,0.157493,-0.3279,-0.034945,0.172218,-0.051383
119,1316,951,71,1267,905,-0.13432,-0.106106,-0.3296,0.060155,-0.360966,-0.042341,0.152862,-0.054006
120,1592,1003,105,1629,1086,-0.106481,-0.101815,-0.16433,0.097435,-0.351385,-0.040513,0.162792,-0.048271
121,1909,972,75,1991,905,-0.101552,-0.096919,-0.136305,0.139821,-0.343989,-0.037095,0.185114,-0.04733
122,2134,954,76,2172,905,-0.085613,-0.092271,-0.046799,0.179785,-0.334102,-0.036103,0.201013,-0.042332
123,2358,951,77,2353,905,-0.134379,-0.10074,-0.328753,0.116803,-0.380103,-0.023689,0.161769,-0.020354
124,2468,975,78,2534,905,-0.12897,-0.121986,-0.29237,-0.035165,-0.392359,-0.038338,0.172331,-0.05439
125,2571,920,78,2534,905,-0.120117,-0.107269,-0.237701,0.080229,-0.367552,-0.029633,0.157165,-0.053933
126,2709,872,79,2715,905,-0.134743,-0.112445,-0.321262,0.048379,-0.362047,-0.035709,0.162373,-0.057989
127,2816,803,48,2896,724,-0.11211,-0.123369,-0.193644,-0.022272,-0.337737,-0.050492,0.198529,-0.06871
128,2913,810,48,2896,724,-0.119811,-0.092952,-0.237208,0.206841,-0.381617,-0.016036,0.205618,-0.030318
129,2944,789,48,2896,724,-0.138742,-0.083773,-0.342234,0.272028,-0.359818,-0.010892,0.17143,-0.023477
130,2992,768,49,3077,724,-0.132821,-0.080738,-0.303499,0.293725,-0.355217,-0.031623,0.180137,-0.023746
131,3037,799,49,3077,724,-0.147684,-0.102109,-0.390579,0.13394,-0.342114,-0.022185,0.166059,-0.057954
132,3099,803,49,3077,724,-0.153687,-0.09762,-0.423875,0.167659,-0.353131,-0.014142,0.161434,-0.057824
133,3058,720,49,3077,724,-0.163641,-0.102869,-0.479529,0.126682,-0.360035,-0.023094,0.152259,-0.057206
134,3075,741,49,3077,724,-0.164026,-0.110341,-0.477897,0.07144,-0.365897,-0.029539,0.150913,-0.06321
135,3071,730,49,3077,724,-0.157518,-0.116192,-0.434969,0.029087,-0.372908,-0.030252,0.1554,-0.064032
136,3054,765,49,3077,724,-0.158533,-0.118327,-0.438121,0.015241,-0.362886,-0.029594,0.152273,-0.065995
137,3102,620,17,3077,543,-0.169198,-0.119266,-0.495341,0.009815,-0.380465,-0.02606,0.141677,-0.06795
138,3099,744,49,3077,724,-0.169356,-0.114562,-0.49069,0.047285,-0.376482,-0.030675,0.14415,-0.060474
139,3158,606,17,3077,543,-0.114389,-0.068708,-0.162538,0.389106,-0.34458,0.006574,0.181493,-0.017176
140,3116,782,49,3077,724,-0.115518,-0.055176,-0.165028,0.483475,-0.386688,0.017535,0.174257,-0.011431
141,3058,792,49,3077,724,-0.083112,-0.059789,0.029048,0.451631,-0.348417,0.00037,0.195812,-0.009354
142,3023,789,49,3077,724,-0.107613,-0.048462,-0.10605,0.540217,-0.381965,0.013589,0.168896,0.001411
143,2944,810,48,2896,724,-0.097334,-0.049107,-0.028088,0.5311,-0.382707,0.003194,0.155168,-0.007527
144,2906,834,80,2896,905,-0.108414,-0.05597,-0.084706,0.471632,-0.373193,-0.008832,0.154016,-0.017302
145,2892,768,48,2896,724,-0.087197,-0.068836,0.054207,0.366422,-0.360605,-0.011643,0.171846,-0.019952
146,2892,889,80,2896,905,-0.075123,-0.05853,0.130549,0.437727,-0.342509,0.004984,0.166609,-0.005717
147,2913,810,48,2896,724,-0.069844,-0.064031,0.16059,0.39043,-0.345583,-0.009998,0.174367,-0.008886
148,2868,865,80,2896,905,-0.090957,-0.056735,0.035721,0.439923,-0.347395,-0.014769,0.164342,-0.016088
149,2827,896,80,2896,905,-0.086428,-0.061023,0.059825,0.398215,-0.335885,-0.014522,0.160727,-0.017871
150,2823,923,80,2896,905,-0.086249,-0.064356,0.059883,0.365503,-0.336317,-0.017797,0.158577,-0.020311
151,2733,944,79,2715,905,-0.085163,-0.059293,0.067917,0.39743,-0.334446,-0.013059,0.162445,-0.018689
152,2837,920,80,2896,905,-0.083669,-0.061881,0.080967,0.371201,-0.3359,-0.016959,0.165126,-0.018942
153,2868,910,80,2896,905,-0.070308,-0.077034,0.15951,0.253361,-0.352518,-0.024657,0.163116,-0.025846
154,2827,920,80,2896,905,-0.069486,-0.077478,0.161231,0.243379,-0.348146,-0.025977,0.165655,-0.026879
155,2854,882,80,2896,905,-0.048853,-0.079967,0.281095,0.220791,-0.344889,-0.027958,0.192768,-0.028993
156,2809,910,80,2896,905,-0.087388,-0.071218,0.043387,0.282627,-0.356442,-0.022489,0.181228,-0.018368
157,2851,917,80,2896,905,-0.068481,-0.081409,0.156735,0.196862,-0.330337,-0.028994,0.209895,-0.042109
158,2768,903,79,2715,905,-0.05665,-0.070122,0.2267,0.282445,-0.341207,-0.006466,0.193889,-0.02958
159,2627,934,79,2715,905,-0.070917,-0.077677,0.136219,0.22468,-0.336614,-0.011753,0.180874,-0.036577
160,2502,913,78,2534,905,-0.077196,-0.079348,0.096712,0.210718,-0.329239,-0.021506,0.167017,-0.035826
161,2406,937,77,2353,905,-0.077593,-0.07609,0.093834,0.232857,-0.333797,-0.024585,0.162697,-0.031365
162,2420,903,77,2353,905,-0.090152,-0.073653,0.017381,0.249465,-0.352913,-0.02633,0.154639,-0.027437
163,2413,920,77,2353,905,-0.091017,-0.072299,0.011291,0.256223,-0.355034,-0.023363,0.154858,-0.027673
164,2365,920,77,2353,905,-0.088026,-0.075133,0.027798,0.228793,-0.352704,-0.027079,0.156158,-0.028394
165,2375,927,77,2353,905,-0.088428,-0.072256,0.023423,0.244925,-0.351908,-0.022807,0.153323,-0.02631
166,2313,899,77,2353,905,-0.090023,-0.073973,0.012193,0.225503,-0.351425,-0.024694,0.154599,-0.028183
167,2271,1003,109,2353,1086,-0.089196,-0.07322,0.013293,0.225601,-0.354312,-0.02459,0.15451,-0.027753
168,2313,910,77,2353,905,-0.088172,-0.074214,0.016039,0.212399,-0.352374,-0.025398,0.154921,-0.028009
169,2303,913,77,2353,905,-0.088219,-0.074671,0.019151,0.214265,-0.352368,-0.027178,0.156392,-0.028763
170,2365,910,77,2353,905,-0.09077,-0.075263,0.002656,0.216433,-0.362611,-0.025195,0.157382,-0.029418
171,2375,927,77,2353,905,-0.036148,-0.076818,0.342864,0.21044,-0.355519,-0.024053,0.185982,-0.033524
172,2313,899,77,2353,905,-0.052551,-0.077125,0.238675,0.21875,-0.359267,-0.02749,0.173547,-0.042582
173,2278,979,77,2353,905,-0.060197,-0.071648,0.187397,0.268874,-0.353547,-0.024479,0.165457,-0.033195
174,2306,910,77,2353,905,-0.054628,-0.074694,0.217864,0.248475,-0.356125,-0.021319,0.176088,-0.032728
175,2072,913,75,1991,905,-0.057042,-0.085829,0.200365,0.165865,-0.341146,-0.029071,0.178278,-0.05071
176,1985,906,75,1991,905,-0.073038,-0.084945,0.102045,0.183921,-0.351224,-0.032907,0.164395,-0.049333
177,1847,903,74,1810,905,-0.067167,-0.076129,0.138602,0.260562,-0.338027,-0.027429,0.167226,-0.04313
178,1847,923,74,1810,905,-0.065439,-0.07682,0.14677,0.260799,-0.334195,-0.02907,0.176146,-0.045304
179,1765,927,74,1810,905,-0.057824,-0.073571,0.190077,0.292225,-0.323102,-0.028147,0.185547,-0.043819
180,1703,906,73,1629,905,-0.059484,-0.072985,0.175566,0.30171,-0.32393,-0.02818,0.185154,-0.043814
181,1703,892,73,1629,905,-0.056388,-0.074897,0.190551,0.292399,-0.320901,-0.029446,0.188334,-0.044616
182,1699,920,73,1629,905,-0.057155,-0.073744,0.182165,0.306215,-0.320117,-0.02727,0.184119,-0.043216
183,1689,910,73,1629,905,-0.07034,-0.06139,0.098567,0.40303,-0.346413,-0.013983,0.1744,-0.025714
184,1696,889,73,1629,905,-0.098267,-0.048216,-0.067898,0.49679,-0.383492,0.027026,0.136774,0.002832
185,1685,910,73,1629,905,-0.045263,-0.045183,0.25988,0.507773,-0.342723,0.02831,0.196845,0.013878
186,1644,923,73,1629,905,-0.055478,-0.02034,0.197318,0.690684,-0.336472,0.041801,0.159342,0.02617
187,1482,992,72,1448,905,-0.037135,-0.012767,0.314372,0.730149,-0.308829,0.047691,0.170476,0.040335
188,1275,1220,135,1267,1267,-0.038969,-0.018506,0.303777,0.671779,-0.322854,0.032962,0.174569,0.025176
189,1158,1182,134,1086,1267,-0.048434,-0.022971,0.245864,0.623065,-0.324634,0.028473,0.161538,0.019656
190,817,1506,165,905,1448,-0.052879,-0.021627,0.218975,0.62012,-0.327962,0.027313,0.157973,0.017783
191,855,1606,165,905,1448,-0.061662,-0.029966,0.165104,0.543015,-0.336174,0.015375,0.154226,0.0039
192,527,1675,163,543,1448,-0.062944,-0.034148,0.15551,0.500893,-0.334161,0.0103,0.152744,-0.002022
193,120,1547,161,181,1448,-0.058869,-0.034646,0.179012,0.488732,-0.329852,0.010346,0.152736,-0.002865
194,410,1630,162,362,1448,-0.057044,-0.035909,0.188368,0.469851,-0.326853,0.010512,0.1539,-0.003747
195,630,1758,163,543,1448,-0.063412,-0.037014,0.14746,0.45325,-0.332655,0.010307,0.144002,-0.005258
196,665,1782,164,724,1448,-0.058513,-0.037202,0.177854,0.443795,-0.332395,0.00999,0.144043,-0.007065
197,655,1827,164,724,1448,-0.049889,-0.033816,0.231376,0.46168,-0.331495,0.016478,0.146146,-0.000974
198,1275,1482,167,1267,1448,-0.04554,-0.033179,0.257261,0.457661,-0.336444,0.014515,0.157195,-0.001389
199,1244,1496,167,1267,1448,-0.045933,-0.037131,0.252792,0.416839,-0.331289,0.010642,0.157166,-0.004832
200,799,1703,164,724,1448,-0.046826,-0.035657,0.244464,0.420033,-0.332477,0.010482,0.156957,-0.003672
201,989,1744,165,905,1448,-0.049936,-0.033889,0.225796,0.424624,-0.333742,0.012084,0.160212,-0.002721
202,803,1710,164,724,1448,-0.050527,-0.035678,0.221535,0.398798,-0.334801,0.011057,0.159024,-0.004043
203,1023,1661,166,1086,1448,-0.050881,-0.036042,0.218554,0.386617,-0.334309,0.010588,0.156768,-0.004706
204,1148,1351,134,1086,1267,-0.052674,-0.037592,0.206998,0.364962,-0.331805,0.009366,0.157718,-0.00447
205,1010,1765,166,1086,1448,-0.0525,-0.037525,0.209467,0.353313,-0.329957,0.009326,0.158585,-0.004839
206,1175,1292,134,1086,1267,-0.05465,-0.037992,0.194446,0.337205,-0.330545,0.007808,0.157815,-0.005348
207,1127,1544,166,1086,1448,-0.052323,-0.038892,0.209509,0.319886,-0.329674,0.005925,0.160558,-0.007392
208,961,1716,165,905,1448,-0.051221,-0.038612,0.217756,0.311387,-0.330985,0.007871,0.164519,-0.006396
209,889,1654,165,905,1448,-0.050673,-0.042139,0.224175,0.272641,-0.329262,0.003945,0.166864,-0.009581
210,1113,1358,166,1086,1448,-0.048756,-0.038638,0.238617,0.29166,-0.329312,0.006621,0.172829,-0.007264
211,1030,1737,166,1086,1448,-0.049822,-0.034395,0.234799,0.314371,-0.330066,0.013787,0.170188,0.001144
212,1203,1320,135,1267,1267,-0.053551,-0.030119,0.213224,0.336447,-0.331528,0.019951,0.171539,0.006589
213,1058,1561,166,1086,1448,-0.051422,-0.022221,0.227338,0.38867,-0.327889,0.028796,0.158053,0.023768
214,713,1568,164,724,1448,-0.048532,-0.012338,0.237783,0.461559,-0.319492,0.051123,0.156375,0.04249
215,720,1579,164,724,1448,-0.048595,-0.008589,0.238476,0.481561,-0.326986,0.061976,0.176341,0.058434
216,734,1472,164,724,1448,-0.00119,-0.040903,0.535298,0.212341,-0.318624,0.039244,0.240319,0.032088
217,775,1361,164,724,1448,-0.0368,-0.052631,0.298482,0.132847,-0.312812,-0.016264,0.212233,-0.015786
218,848,1189,133,905,1267,-0.061283,-0.055769,0.140874,0.119245,-0.330587,-0.016266,0.170351,-0.014764
219,765,1054,100,724,1086,-0.05361,-0.043706,0.187393,0.226539,-0.326224,-0.002566,0.189753,0.006238
220,834,944,69,905,905,-0.040565,-0.048548,0.266674,0.193454,-0.327818,-0.001826,0.199009,0.00487
221,875,906,69,905,905,-0.041667,-0.050779,0.253719,0.178456,-0.327637,-0.001766,0.194873,0.003498
222,892,823,69,905,905,-0.052774,-0.057534,0.178129,0.127359,-0.342017,-0.007997,0.192809,-0.005281
223,934,789,37,905,724,-0.059891,-0.054747,0.130062,0.154273,-0.346481,-0.00558,0.187262,-0.003457
224,934,786,37,905,724,-0.063799,-0.056892,0.103818,0.141645,-0.349447,-0.008424,0.184573,-0.007739
225,899,786,37,905,724,-0.064024,-0.060308,0.098466,0.120189,-0.34739,-0.013814,0.191784,-0.012254
226,910,796,37,905,724,-0.055675,-0.04587,0.145463,0.239365,-0.333922,0.000373,0.197491,0.001297
227,896,779,37,905,724,-0.057243,-0.047776,0.130176,0.227879,-0.336036,-0.002083,0.197025,-0.000195
228,896,820,69,905,905,-0.056221,-0.049656,0.131804,0.216355,-0.334407,-0.003667,0.197836,-0.002123
229,892,855,69,905,905,-0.066963,-0.060495,0.061018,0.134609,-0.341261,-0.01206,0.196057,-0.011351
230,882,817,69,905,905,-0.068373,-0.062798,0.049483,0.122514,-0.339943,-0.015474,0.189023,-0.015273
231,875,810,37,905,724,-0.068024,-0.06238,0.04917,0.132533,-0.341868,-0.015849,0.191051,-0.014778
232,861,803,37,905,724,-0.069981,-0.062678,0.034534,0.13633,-0.341252,-0.016284,0.188084,-0.014103
233,861,810,37,905,724,-0.072438,-0.067826,0.016405,0.103627,-0.336085,-0.025614,0.185607,-0.023031
234,872,803,37,905,724,-0.069718,-0.069881,0.030301,0.09621,-0.331257,-0.028566,0.185622,-0.026456
235,855,803,37,905,724,-0.043377,-0.046011,0.187296,0.288806,-0.316144,0.0015,0.20229,-0.01429
236,844,803,37,905,724,-0.012862,-0.02663,0.365041,0.443972,-0.313175,0.000975,0.234282,-0.003848
237,834,844,69,905,905,-0.003803,-0.033995,0.407649,0.384493,-0.308337,0.019512,0.250512,-0.001961
238,782,889,68,724,905,-0.054199,-0.020938,0.098666,0.47981,-0.325517,0.036977,0.156991,0.019517
239,744,972,68,724,905,-0.053923,-0.018825,0.10112,0.487083,-0.32036,0.041362,0.152012,0.022367
240,1044,1423,166,1086,1448,-0.046797,-0.019069,0.145431,0.477894,-0.321632,0.029551,0.16217,0.023489
241,796,1310,132,724,1267,-0.041238,-0.025678,0.178196,0.421638,-0.318023,0.028398,0.173493,0.016748
242,1051,1461,166,1086,1448,-0.055846,-0.032142,0.089373,0.371711,-0.330534,0.014444,0.159627,0.001888
243,975,1568,165,905,1448,-0.054556,-0.041589,0.096455,0.305466,-0.329855,0.000763,0.167794,-0.010009
244,1106,1582,166,1086,1448,-0.063643,-0.037841,0.042088,0.34783,-0.335065,0.005457,0.155663,-0.006641
245,1017,1630,166,1086,1448,-0.060947,-0.038294,0.062103,0.359512,-0.332708,0.007022,0.1496,-0.005692
